{
  "timestamp": "2025-11-20T19:00:22.104128",
  "n_facilities": 33,
  "n_clusters": 8,
  "silhouette_score": 0.4609189732207829,
  "davies_bouldin_index": 0.6854362377068488,
  "cluster_sizes": {
    "0": 3,
    "1": 3,
    "2": 2,
    "3": 5,
    "4": 5,
    "5": 3,
    "6": 4,
    "7": 8
  },
  "avg_cluster_size": 4.125,
  "min_cluster_size": 2,
  "max_cluster_size": 8
}