{
  "timestamp": "2025-11-20T19:46:37.138165",
  "train_accuracy": 0.7648351648351648,
  "test_accuracy": 0.6228070175438597,
  "precision": 0.6727894519214925,
  "recall": 0.6228070175438597,
  "f1_score": 0.6371124783830989,
  "actions": [
    "actualizar_ficha",
    "contactar_medico",
    "recordatorio_medicamento",
    "revisar_alergias",
    "sin_accion",
    "verificar_condicion"
  ],
  "n_features": 12,
  "n_train_samples": 455,
  "n_test_samples": 114,
  "tree_depth": 8,
  "n_leaves": 61
}