{
  "timestamp": "2025-11-20T18:04:03.325671",
  "train_accuracy": 0.941358024691358,
  "test_accuracy": 0.8518518518518519,
  "precision": 0.9056584362139918,
  "recall": 0.8518518518518519,
  "f1_score": 0.861410411754409,
  "intents": [
    "agradecimiento",
    "confirmacion",
    "estado_emocional",
    "expresion_miedo",
    "informacion_emergencia",
    "instrucciones",
    "negacion",
    "solicitud_ayuda",
    "solicitud_calma",
    "ubicacion"
  ],
  "n_features": 400,
  "n_train_samples": 324,
  "n_test_samples": 81
}